Year,Area,Cancer Type,Age-Adjusted Rate,Case Count,Population
1999,Alabama,Melanomas of the Skin,13.5,605,4430141
1999,Alaska,Melanomas of the Skin,11.2,51,624779
1999,Arizona,Melanomas of the Skin,18.6,918,5023823
1999,Arkansas,Melanomas of the Skin,11.2,311,2651860
1999,California,Melanomas of the Skin,18.4,5567,33499204
1999,Colorado,Melanomas of the Skin,20.7,800,4226018
1999,Connecticut,Melanomas of the Skin,21.4,761,3386401
1999,Delaware,Melanomas of the Skin,13.3,104,774990
1999,District of Columbia,Melanomas of the Skin,8.1,48,570213
1999,Florida,Melanomas of the Skin,17.5,3245,15759421
1999,Georgia,Melanomas of the Skin,13.7,994,8045965
1999,Hawaii,Melanomas of the Skin,14.7,180,1210300
1999,Idaho,Melanomas of the Skin,19.9,236,1275674
1999,Illinois,Melanomas of the Skin,11.8,1415,12359020
1999,Indiana,Melanomas of the Skin,13.2,786,6044969
1999,Iowa,Melanomas of the Skin,17.2,532,2917634
1999,Kansas,Melanomas of the Skin,17.1,457,2678338
1999,Kentucky,Melanomas of the Skin,19.9,804,4018053
1999,Louisiana,Melanomas of the Skin,9.9,412,4460811
1999,Maine,Melanomas of the Skin,18.6,257,1266808
1999,Maryland,Melanomas of the Skin,17.8,910,5254509
1999,Massachusetts,Melanomas of the Skin,16.2,1055,6317345
1999,Michigan,Melanomas of the Skin,17.5,1705,9897116
1999,Minnesota,Melanomas of the Skin,17,813,4873481
1999,Mississippi,Melanomas of the Skin,Data not presented,Data not presented
1999,Missouri,Melanomas of the Skin,10.5,598,5561948
1999,Montana,Melanomas of the Skin,12.2,112,897507
1999,Nebraska,Melanomas of the Skin,14.8,252,1704764
1999,Nevada,Melanomas of the Skin,8.3,158,1934718
1999,New Hampshire,Melanomas of the Skin,21.1,261,1222014
1999,New Jersey,Melanomas of the Skin,15.3,1325,8359592
1999,New Mexico,Melanomas of the Skin,14.8,255,1808082
1999,New York,Melanomas of the Skin,10.2,1942,18882725
1999,North Carolina,Melanomas of the Skin,14.7,1164,7949361
1999,North Dakota,Melanomas of the Skin,9.6,64,644259
1999,Ohio,Melanomas of the Skin,13.6,1570,11335454
1999,Oklahoma,Melanomas of the Skin,10.3,359,3437147
1999,Oregon,Melanomas of the Skin,22,759,3393941
1999,Pennsylvania,Melanomas of the Skin,13.6,1834,12263805
1999,Puerto Rico,,Data not presented,Data not presented
1999,Rhode Island,Melanomas of the Skin,18.6,208,1040402
1999,South Carolina,Melanomas of the Skin,17.4,684,3974682
1999,South Dakota,Melanomas of the Skin,Data not presented,Data not presented
1999,Tennessee,Melanomas of the Skin,10.8,612,5638706
1999,Texas,Melanomas of the Skin,11.3,2023,20558220
1999,United States,Melanomas of the Skin,15.1,41009,275461348
1999,Utah,Melanomas of the Skin,22.1,381,2203482
1999,Vermont,Melanomas of the Skin,28.9,180,604683
1999,Virginia,Melanomas of the Skin,14.6,994,7000174
1999,Washington,Melanomas of the Skin,21.9,1243,5842564
1999,West Virginia,Melanomas of the Skin,15.2,305,1811799
1999,Wisconsin,Melanomas of the Skin,12.3,664,5332666
1999,Wyoming,Melanomas of the Skin,20,96,491780
2000,Alabama,Melanomas of the Skin,12.8,582,4452173
2000,Alaska,Melanomas of the Skin,11.1,57,627963
2000,Arizona,Melanomas of the Skin,17.6,899,5160586
2000,Arkansas,Melanomas of the Skin,11.8,332,2678588
2000,California,Melanomas of the Skin,18.1,5603,33987977
2000,Colorado,Melanomas of the Skin,21.4,856,4326921
2000,Connecticut,Melanomas of the Skin,23.5,850,3411777
2000,Delaware,Melanomas of the Skin,16,128,786373
2000,District of Columbia,Melanomas of the Skin,5.4,31,572046
2000,Florida,Melanomas of the Skin,20.1,3831,16047515
2000,Georgia,Melanomas of the Skin,17.1,1266,8227303
2000,Hawaii,Melanomas of the Skin,17,213,1213519
2000,Idaho,Melanomas of the Skin,20.1,244,1299430
2000,Illinois,Melanomas of the Skin,12.6,1521,12434161
2000,Indiana,Melanomas of the Skin,15.1,908,6091866
2000,Iowa,Melanomas of the Skin,17.7,542,2929067
2000,Kansas,Melanomas of the Skin,16.4,440,2693681
2000,Kentucky,Melanomas of the Skin,20.1,826,4049021
2000,Louisiana,Melanomas of the Skin,10.3,438,4471885
2000,Maine,Melanomas of the Skin,17.4,244,1277072
2000,Maryland,Melanomas of the Skin,17.4,911,5311034
2000,Massachusetts,Melanomas of the Skin,16.6,1099,6361104
2000,Michigan,Melanomas of the Skin,17.9,1772,9952450
2000,Minnesota,Melanomas of the Skin,18.1,878,4933692
2000,Mississippi,Melanomas of the Skin,Data not presented,Data not presented
2000,Missouri,Melanomas of the Skin,11.5,664,5607285
2000,Montana,Melanomas of the Skin,20,188,903773
2000,Nebraska,Melanomas of the Skin,14.2,246,1713820
2000,Nevada,Melanomas of the Skin,17.1,333,2018741
2000,New Hampshire,Melanomas of the Skin,23,288,1239882
2000,New Jersey,Melanomas of the Skin,15.9,1388,8430621
2000,New Mexico,Melanomas of the Skin,18.4,322,1821204
2000,New York,Melanomas of the Skin,11.4,2211,19001780
2000,North Carolina,Melanomas of the Skin,16,1290,8081614
2000,North Dakota,Melanomas of the Skin,6.9,48,642023
2000,Ohio,Melanomas of the Skin,13.8,1604,11363543
2000,Oklahoma,Melanomas of the Skin,11.9,417,3454365
2000,Oregon,Melanomas of the Skin,23.6,827,3429708
2000,Pennsylvania,Melanomas of the Skin,14.9,2016,12284173
2000,Puerto Rico,,Data not presented,Data not presented
2000,Rhode Island,Melanomas of the Skin,20.9,233,1050268
2000,South Carolina,Melanomas of the Skin,16,638,4024223
2000,South Dakota,Melanomas of the Skin,Data not presented,Data not presented
2000,Tennessee,Melanomas of the Skin,10.4,602,5703719
2000,Texas,Melanomas of the Skin,13.9,2544,20944499
2000,United States,Melanomas of the Skin,16.1,44481,278558214
2000,Utah,Melanomas of the Skin,20.5,357,2244502
2000,Vermont,Melanomas of the Skin,27.4,174,609618
2000,Virginia,Melanomas of the Skin,15,1039,7105817
2000,Washington,Melanomas of the Skin,23.6,1365,5910512
2000,West Virginia,Melanomas of the Skin,15.9,320,1807021
2000,Wisconsin,Melanomas of the Skin,14.7,798,5373999
2000,Wyoming,Melanomas of the Skin,20.3,98,494300
2001,Alabama,Melanomas of the Skin,13.8,632,4467634
2001,Alaska,Melanomas of the Skin,14.7,72,633714
2001,Arizona,Melanomas of the Skin,20,1044,5273477
2001,Arkansas,Melanomas of the Skin,13.7,386,2691571
2001,California,Melanomas of the Skin,19.3,6072,34479458
2001,Colorado,Melanomas of the Skin,20.5,844,4425687
2001,Connecticut,Melanomas of the Skin,23.7,863,3432835
2001,Delaware,Melanomas of the Skin,20.8,170,795699
2001,District of Columbia,Melanomas of the Skin,9.2,54,574504
2001,Florida,Melanomas of the Skin,19.2,3704,16356966
2001,Georgia,Melanomas of the Skin,18.6,1416,8377038
2001,Hawaii,Melanomas of the Skin,15.3,197,1225948
2001,Idaho,Melanomas of the Skin,19.8,245,1319962
2001,Illinois,Melanomas of the Skin,13.3,1626,12488445
2001,Indiana,Melanomas of the Skin,17.1,1041,6127760
2001,Iowa,Melanomas of the Skin,19.6,607,2931997
2001,Kansas,Melanomas of the Skin,17.4,471,2702162
2001,Kentucky,Melanomas of the Skin,22.2,918,4068132
2001,Louisiana,Melanomas of the Skin,11,474,4477875
2001,Maine,Melanomas of the Skin,21.1,296,1285692
2001,Maryland,Melanomas of the Skin,19.8,1052,5374691
2001,Massachusetts,Melanomas of the Skin,20.8,1385,6397634
2001,Michigan,Melanomas of the Skin,18.7,1864,9991120
2001,Minnesota,Melanomas of the Skin,18.8,926,4982796
2001,Mississippi,Melanomas of the Skin,Data not presented,Data not presented
2001,Missouri,Melanomas of the Skin,12.4,720,5641142
2001,Montana,Melanomas of the Skin,17.5,168,906961
2001,Nebraska,Melanomas of the Skin,15.2,265,1719836
2001,Nevada,Melanomas of the Skin,18.1,367,2098399
2001,New Hampshire,Melanomas of the Skin,23.8,304,1255517
2001,New Jersey,Melanomas of the Skin,18.7,1650,8492671
2001,New Mexico,Melanomas of the Skin,19.6,350,1831690
2001,New York,Melanomas of the Skin,12.7,2472,19082838
2001,North Carolina,Melanomas of the Skin,13.9,1138,8210122
2001,North Dakota,Melanomas of the Skin,12.1,80,639062
2001,Ohio,Melanomas of the Skin,16,1871,11387404
2001,Oklahoma,Melanomas of the Skin,13,458,3467100
2001,Oregon,Melanomas of the Skin,24.2,862,3467937
2001,Pennsylvania,Melanomas of the Skin,16.6,2241,12298970
2001,Puerto Rico,,Data not presented,Data not presented
2001,Rhode Island,Melanomas of the Skin,22.7,258,1057142
2001,South Carolina,Melanomas of the Skin,16.2,662,4064995
2001,South Dakota,Melanomas of the Skin,12.4,98,757972
2001,Tennessee,Melanomas of the Skin,11.4,671,5750789
2001,Texas,Melanomas of the Skin,14.6,2756,21319622
2001,United States,Melanomas of the Skin,17.1,47977,282115961
2001,Utah,Melanomas of the Skin,21.7,382,2283715
2001,Vermont,Melanomas of the Skin,22.5,145,612223
2001,Virginia,Melanomas of the Skin,14.7,1042,7198362
2001,Washington,Melanomas of the Skin,23,1349,5985722
2001,West Virginia,Melanomas of the Skin,17.2,345,1801481
2001,Wisconsin,Melanomas of the Skin,15.5,850,5406835
2001,Wyoming,Melanomas of the Skin,22.7,114,494657
2002,Alabama,Melanomas of the Skin,13.5,623,4480089
2002,Alaska,Melanomas of the Skin,12.6,69,642337
2002,Arizona,Melanomas of the Skin,19.9,1065,5396255
2002,Arkansas,Melanomas of the Skin,10.8,306,2705927
2002,California,Melanomas of the Skin,18.9,6056,34871843
2002,Colorado,Melanomas of the Skin,21.5,909,4490406
2002,Connecticut,Melanomas of the Skin,20.9,774,3458749
2002,Delaware,Melanomas of the Skin,16.1,135,806169
2002,District of Columbia,Melanomas of the Skin,8.5,50,573158
2002,Florida,Melanomas of the Skin,19.5,3865,16689370
2002,Georgia,Melanomas of the Skin,19.8,1527,8508256
2002,Hawaii,Melanomas of the Skin,17.3,227,1239613
2002,Idaho,Melanomas of the Skin,20.9,268,1340372
2002,Illinois,Melanomas of the Skin,13.5,1663,12525556
2002,Indiana,Melanomas of the Skin,17.2,1055,6155967
2002,Iowa,Melanomas of the Skin,18.8,585,2934234
2002,Kansas,Melanomas of the Skin,18.9,515,2713535
2002,Kentucky,Melanomas of the Skin,19.1,799,4089875
2002,Louisiana,Melanomas of the Skin,11.1,481,4497267
2002,Maine,Melanomas of the Skin,21.4,308,1295960
2002,Maryland,Melanomas of the Skin,21.7,1187,5440389
2002,Massachusetts,Melanomas of the Skin,21.9,1478,6417206
2002,Michigan,Melanomas of the Skin,18.9,1902,10015710
2002,Minnesota,Melanomas of the Skin,17,850,5018935
2002,Mississippi,Melanomas of the Skin,Data not presented,Data not presented
2002,Missouri,Melanomas of the Skin,12.7,749,5674825
2002,Montana,Melanomas of the Skin,16.9,161,911667
2002,Nebraska,Melanomas of the Skin,17.5,305,1728292
2002,Nevada,Melanomas of the Skin,17.5,377,2173791
2002,New Hampshire,Melanomas of the Skin,29.4,381,1269089
2002,New Jersey,Melanomas of the Skin,20.9,1866,8552643
2002,New Mexico,Melanomas of the Skin,17.9,323,1855309
2002,New York,Melanomas of the Skin,13.1,2590,19137800
2002,North Carolina,Melanomas of the Skin,16.3,1362,8326201
2002,North Dakota,Melanomas of the Skin,10.5,71,638168
2002,Ohio,Melanomas of the Skin,16.8,1990,11407889
2002,Oklahoma,Melanomas of the Skin,14.9,532,3489080
2002,Oregon,Melanomas of the Skin,23.7,864,3513424
2002,Pennsylvania,Melanomas of the Skin,17.2,2343,12331031
2002,Puerto Rico,,Data not presented,Data not presented
2002,Rhode Island,Melanomas of the Skin,26.7,301,1065995
2002,South Carolina,Melanomas of the Skin,19.8,819,4107795
2002,South Dakota,Melanomas of the Skin,18.6,148,760020
2002,Tennessee,Melanomas of the Skin,11.7,693,5795918
2002,Texas,Melanomas of the Skin,14.7,2827,21690325
2002,United States,Melanomas of the Skin,17.4,49830,284766512
2002,Utah,Melanomas of the Skin,20.9,384,2324815
2002,Vermont,Melanomas of the Skin,26.6,170,615442
2002,Virginia,Melanomas of the Skin,17.4,1257,7286873
2002,Washington,Melanomas of the Skin,22.5,1343,6052349
2002,West Virginia,Melanomas of the Skin,17.2,350,1805414
2002,Wisconsin,Melanomas of the Skin,15.3,849,5445162
2002,Wyoming,Melanomas of the Skin,15.9,78,500017
2003,Alabama,Melanomas of the Skin,13.6,634,4503491
2003,Alaska,Melanomas of the Skin,15.1,85,648414
2003,Arizona,Melanomas of the Skin,21.1,1170,5510364
2003,Arkansas,Melanomas of the Skin,11.3,329,2724816
2003,California,Melanomas of the Skin,18.3,5974,35253159
2003,Colorado,Melanomas of the Skin,18.9,794,4528732
2003,Connecticut,Melanomas of the Skin,22.4,832,3484336
2003,Delaware,Melanomas of the Skin,19.4,165,818003
2003,District of Columbia,Melanomas of the Skin,8.8,52,568502
2003,Florida,Melanomas of the Skin,18.3,3712,17004085
2003,Georgia,Melanomas of the Skin,20.6,1628,8622793
2003,Hawaii,Melanomas of the Skin,15.9,212,1251154
2003,Idaho,Melanomas of the Skin,24.2,314,1363380
2003,Illinois,Melanomas of the Skin,13.6,1696,12556006
2003,Indiana,Melanomas of the Skin,17.6,1095,6196638
2003,Iowa,Melanomas of the Skin,16.5,520,2941999
2003,Kansas,Melanomas of the Skin,18.7,518,2723004
2003,Kentucky,Melanomas of the Skin,20,851,4117170
2003,Louisiana,Melanomas of the Skin,10.5,461,4521042
2003,Maine,Melanomas of the Skin,22.5,326,1306513
2003,Maryland,Melanomas of the Skin,19.4,1064,5496269
2003,Massachusetts,Melanomas of the Skin,20.3,1379,6422565
2003,Michigan,Melanomas of the Skin,19.4,1971,10041152
2003,Minnesota,Melanomas of the Skin,17.9,905,5053572
2003,Mississippi,Melanomas of the Skin,12.8,364,2868312
2003,Missouri,Melanomas of the Skin,13,770,5709403
2003,Montana,Melanomas of the Skin,17.7,172,919630
2003,Nebraska,Melanomas of the Skin,15.7,280,1738643
2003,Nevada,Melanomas of the Skin,19.4,425,2248850
2003,New Hampshire,Melanomas of the Skin,30.4,404,1279840
2003,New Jersey,Melanomas of the Skin,19.2,1726,8601402
2003,New Mexico,Melanomas of the Skin,17.5,323,1877574
2003,New York,Melanomas of the Skin,12.2,2439,19175939
2003,North Carolina,Melanomas of the Skin,16.8,1434,8422501
2003,North Dakota,Melanomas of the Skin,13.5,92,638817
2003,Ohio,Melanomas of the Skin,16.2,1942,11434788
2003,Oklahoma,Melanomas of the Skin,17.5,632,3504892
2003,Oregon,Melanomas of the Skin,21.8,811,3547376
2003,Pennsylvania,Melanomas of the Skin,17.9,2462,12374658
2003,Puerto Rico,,Data not presented,Data not presented
2003,Rhode Island,Melanomas of the Skin,24.3,280,1071342
2003,South Carolina,Melanomas of the Skin,20.4,866,4150297
2003,South Dakota,Melanomas of the Skin,14.7,117,763729
2003,Tennessee,Melanomas of the Skin,11,658,5847812
2003,Texas,Melanomas of the Skin,15,2914,22030931
2003,United States,Melanomas of the Skin,17.2,50362,290107933
2003,Utah,Melanomas of the Skin,23.7,447,2360137
2003,Vermont,Melanomas of the Skin,33.3,216,617858
2003,Virginia,Melanomas of the Skin,16.4,1204,7366977
2003,Washington,Melanomas of the Skin,23.8,1440,6104115
2003,West Virginia,Melanomas of the Skin,15.8,328,1812295
2003,Wisconsin,Melanomas of the Skin,14.7,833,5479203
2003,Wyoming,Melanomas of the Skin,18.8,96,503453
2004,Alabama,Melanomas of the Skin,15.4,735,4530729
2004,Alaska,Melanomas of the Skin,13.2,73,659286
2004,Arizona,Melanomas of the Skin,16.7,957,5652404
2004,Arkansas,Melanomas of the Skin,13.8,401,2749686
2004,California,Melanomas of the Skin,19.8,6584,35574576
2004,Colorado,Melanomas of the Skin,20.2,879,4575013
2004,Connecticut,Melanomas of the Skin,22.4,854,3496094
2004,Delaware,Melanomas of the Skin,22.2,193,830803
2004,District of Columbia,Melanomas of the Skin,6.6,39,567754
2004,Florida,Melanomas of the Skin,18.7,3885,17415318
2004,Georgia,Melanomas of the Skin,20.6,1668,8769252
2004,Hawaii,Melanomas of the Skin,21.2,290,1273569
2004,Idaho,Melanomas of the Skin,26.3,350,1391802
2004,Illinois,Melanomas of the Skin,14.7,1840,12589773
2004,Indiana,Melanomas of the Skin,16.2,1021,6233007
2004,Iowa,Melanomas of the Skin,17.6,562,2953635
2004,Kansas,Melanomas of the Skin,19.3,537,2734373
2004,Kentucky,Melanomas of the Skin,21.5,926,4146101
2004,Louisiana,Melanomas of the Skin,12.6,562,4552238
2004,Maine,Melanomas of the Skin,22.5,333,1313688
2004,Maryland,Melanomas of the Skin,18.7,1044,5546935
2004,Massachusetts,Melanomas of the Skin,22.4,1533,6412281
2004,Michigan,Melanomas of the Skin,17.3,1777,10055315
2004,Minnesota,Melanomas of the Skin,19,975,5087713
2004,Mississippi,Melanomas of the Skin,13.9,398,2889010
2004,Missouri,Melanomas of the Skin,16.8,1011,5747741
2004,Montana,Melanomas of the Skin,15.8,160,930009
2004,Nebraska,Melanomas of the Skin,17.7,315,1749370
2004,Nevada,Melanomas of the Skin,16.6,383,2346222
2004,New Hampshire,Melanomas of the Skin,29,386,1290121
2004,New Jersey,Melanomas of the Skin,21.1,1921,8634561
2004,New Mexico,Melanomas of the Skin,17.4,330,1903808
2004,New York,Melanomas of the Skin,14.7,2957,19171567
2004,North Carolina,Melanomas of the Skin,18.1,1568,8553152
2004,North Dakota,Melanomas of the Skin,14.3,96,644705
2004,Ohio,Melanomas of the Skin,17.7,2121,11452251
2004,Oklahoma,Melanomas of the Skin,17.9,648,3525233
2004,Oregon,Melanomas of the Skin,26.3,990,3569463
2004,Pennsylvania,Melanomas of the Skin,17.5,2428,12410722
2004,Puerto Rico,,Data not presented,Data not presented
2004,Rhode Island,Melanomas of the Skin,22.2,257,1074579
2004,South Carolina,Melanomas of the Skin,21.3,914,4210921
2004,South Dakota,Melanomas of the Skin,15.9,129,770396
2004,Tennessee,Melanomas of the Skin,19.2,1176,5910809
2004,Texas,Melanomas of the Skin,14.7,2946,22394023
2004,United States,Melanomas of the Skin,18.2,54185,292805298
2004,Utah,Melanomas of the Skin,26,499,2401580
2004,Vermont,Melanomas of the Skin,31.4,208,619920
2004,Virginia,Melanomas of the Skin,17.6,1316,7475575
2004,Washington,Melanomas of the Skin,26.5,1641,6178645
2004,West Virginia,Melanomas of the Skin,19.5,411,1816438
2004,Wisconsin,Melanomas of the Skin,14.6,844,5514026
2004,Wyoming,Melanomas of the Skin,21.9,114,509106
2005,Alabama,Melanomas of the Skin,19.1,919,4565917
2005,Alaska,Melanomas of the Skin,8.4,52,666946
2005,Arizona,Melanomas of the Skin,15.2,904,5839077
2005,Arkansas,Melanomas of the Skin,13.1,387,2781097
2005,California,Melanomas of the Skin,21.2,7181,35827943
2005,Colorado,Melanomas of the Skin,22.4,993,4631888
2005,Connecticut,Melanomas of the Skin,27,1032,3506956
2005,Delaware,Melanomas of the Skin,27.5,249,845150
2005,District of Columbia,Melanomas of the Skin,8.5,52,567136
2005,Florida,Melanomas of the Skin,20.4,4336,17842038
2005,Georgia,Melanomas of the Skin,22,1826,8925922
2005,Hawaii,Melanomas of the Skin,21.6,306,1292729
2005,Idaho,Melanomas of the Skin,27.1,367,1428241
2005,Illinois,Melanomas of the Skin,16.2,2044,12609903
2005,Indiana,Melanomas of the Skin,17.4,1109,6278616
2005,Iowa,Melanomas of the Skin,18.8,604,2964454
2005,Kansas,Melanomas of the Skin,20,561,2745299
2005,Kentucky,Melanomas of the Skin,22.1,964,4182742
2005,Louisiana,Melanomas of the Skin,14.3,622,4411396
2005,Maine,Melanomas of the Skin,23.6,356,1318787
2005,Maryland,Melanomas of the Skin,21.4,1213,5592379
2005,Massachusetts,Melanomas of the Skin,22.3,1536,6403290
2005,Michigan,Melanomas of the Skin,19.2,1992,10051137
2005,Minnesota,Melanomas of the Skin,19.4,1006,5119598
2005,Mississippi,Melanomas of the Skin,15,433,2876229
2005,Missouri,Melanomas of the Skin,17.8,1093,5790300
2005,Montana,Melanomas of the Skin,19.2,193,940102
2005,Nebraska,Melanomas of the Skin,18.5,341,1761497
2005,Nevada,Melanomas of the Skin,16.9,411,2432143
2005,New Hampshire,Melanomas of the Skin,34.3,464,1298492
2005,New Jersey,Melanomas of the Skin,21,1928,8651974
2005,New Mexico,Melanomas of the Skin,18.9,371,1932274
2005,New York,Melanomas of the Skin,16.1,3237,19132610
2005,North Carolina,Melanomas of the Skin,20.6,1826,8705407
2005,North Dakota,Melanomas of the Skin,14.7,99,646089
2005,Ohio,Melanomas of the Skin,20.8,2509,11463320
2005,Oklahoma,Melanomas of the Skin,17.1,628,3548597
2005,Oregon,Melanomas of the Skin,27.1,1054,3613202
2005,Pennsylvania,Melanomas of the Skin,18.4,2567,12449990
2005,Puerto Rico,Melanomas of the Skin,2.1,81,3821362
2005,Rhode Island,Melanomas of the Skin,23.6,271,1067916
2005,South Carolina,Melanomas of the Skin,23.1,1018,4270150
2005,South Dakota,Melanomas of the Skin,14,116,775493
2005,Tennessee,Melanomas of the Skin,20.3,1276,5991057
2005,Texas,Melanomas of the Skin,13.9,2837,22773020
2005,United States,Melanomas of the Skin,19.5,58822,295516599
2005,Utah,Melanomas of the Skin,28.7,566,2457719
2005,Vermont,Melanomas of the Skin,33.4,225,621215
2005,Virginia,Melanomas of the Skin,21.2,1616,7577105
2005,Washington,Melanomas of the Skin,26.1,1655,6257305
2005,West Virginia,Melanomas of the Skin,18.3,384,1820492
2005,Wisconsin,Melanomas of the Skin,16.7,971,5546166
2005,Wyoming,Melanomas of the Skin,22.3,122,514157
2006,Alabama,Melanomas of the Skin,18.4,908,4628981
2006,Alaska,Melanomas of the Skin,9,55,675302
2006,Arizona,Melanomas of the Skin,16.5,1015,6029141
2006,Arkansas,Melanomas of the Skin,14.8,447,2821761
2006,California,Melanomas of the Skin,20,6827,36021202
2006,Colorado,Melanomas of the Skin,24.3,1108,4720423
2006,Connecticut,Melanomas of the Skin,25.2,973,3517460
2006,Delaware,Melanomas of the Skin,27.2,253,859268
2006,District of Columbia,Melanomas of the Skin,10.3,59,570681
2006,Florida,Melanomas of the Skin,19.1,4147,18166990
2006,Georgia,Melanomas of the Skin,21.5,1830,9155813
2006,Hawaii,Melanomas of the Skin,20.6,303,1309731
2006,Idaho,Melanomas of the Skin,22.9,327,1468669
2006,Illinois,Melanomas of the Skin,16.2,2064,12643955
2006,Indiana,Melanomas of the Skin,17.9,1159,6332669
2006,Iowa,Melanomas of the Skin,21.1,683,2982644
2006,Kansas,Melanomas of the Skin,22.7,646,2762931
2006,Kentucky,Melanomas of the Skin,21.9,973,4219239
2006,Louisiana,Melanomas of the Skin,14.1,609,4302665
2006,Maine,Melanomas of the Skin,21.7,335,1323619
2006,Maryland,Melanomas of the Skin,20.5,1178,5627367
2006,Massachusetts,Melanomas of the Skin,25.1,1736,6410084
2006,Michigan,Melanomas of the Skin,17.4,1833,10036081
2006,Minnesota,Melanomas of the Skin,21.9,1155,5163555
2006,Mississippi,Melanomas of the Skin,15.4,447,2904978
2006,Missouri,Melanomas of the Skin,17.5,1083,5842704
2006,Montana,Melanomas of the Skin,20.1,213,952692
2006,Nebraska,Melanomas of the Skin,17.6,323,1772693
2006,Nevada,Melanomas of the Skin,14.3,352,2522658
2006,New Hampshire,Melanomas of the Skin,29.3,406,1308389
2006,New Jersey,Melanomas of the Skin,22.1,2029,8661679
2006,New Mexico,Melanomas of the Skin,17.3,353,1962137
2006,New York,Melanomas of the Skin,17.8,3600,19104631
2006,North Carolina,Melanomas of the Skin,19.4,1783,8917270
2006,North Dakota,Melanomas of the Skin,16.1,113,649422
2006,Ohio,Melanomas of the Skin,19.1,2351,11481213
2006,Oklahoma,Melanomas of the Skin,18,676,3594090
2006,Oregon,Melanomas of the Skin,24.6,978,3670883
2006,Pennsylvania,Melanomas of the Skin,18.2,2580,12510809
2006,Puerto Rico,Melanomas of the Skin,2.3,90,3805214
2006,Rhode Island,Melanomas of the Skin,24.6,284,1063096
2006,South Carolina,Melanomas of the Skin,22.1,1011,4357847
2006,South Dakota,Melanomas of the Skin,17.4,144,783033
2006,Tennessee,Melanomas of the Skin,20.7,1322,6088766
2006,Texas,Melanomas of the Skin,13.8,2895,23359580
2006,United States,Melanomas of the Skin,19.3,59205,298379912
2006,Utah,Melanomas of the Skin,30.4,618,2525507
2006,Vermont,Melanomas of the Skin,28.2,195,622892
2006,Virginia,Melanomas of the Skin,21.2,1638,7673725
2006,Washington,Melanomas of the Skin,25.3,1653,6370753
2006,West Virginia,Melanomas of the Skin,18.2,385,1827912
2006,Wisconsin,Melanomas of the Skin,17.9,1048,5577655
2006,Wyoming,Melanomas of the Skin,18.8,102,522667
2007,Alabama,Melanomas of the Skin,19.4,971,4672840
2007,Alaska,Melanomas of the Skin,11.1,63,680300
2007,Arizona,Melanomas of the Skin,16.1,1017,6167681
2007,Arkansas,Melanomas of the Skin,14.7,450,2848650
2007,California,Melanomas of the Skin,21.1,7366,36250311
2007,Colorado,Melanomas of the Skin,21.4,1005,4803868
2007,Connecticut,Melanomas of the Skin,23.5,916,3527270
2007,Delaware,Melanomas of the Skin,22.9,218,871749
2007,District of Columbia,Melanomas of the Skin,9.9,59,574404
2007,Florida,Melanomas of the Skin,21.4,4761,18367842
2007,Georgia,Melanomas of the Skin,21.5,1879,9349988
2007,Hawaii,Melanomas of the Skin,17.4,252,1315675
2007,Idaho,Melanomas of the Skin,24.5,361,1505105
2007,Illinois,Melanomas of the Skin,17,2191,12695866
2007,Indiana,Melanomas of the Skin,18.1,1192,6379599
2007,Iowa,Melanomas of the Skin,20,659,2999212
2007,Kansas,Melanomas of the Skin,22,638,2783785
2007,Kentucky,Melanomas of the Skin,24.4,1095,4256672
2007,Louisiana,Melanomas of the Skin,13.7,606,4375581
2007,Maine,Melanomas of the Skin,23.2,352,1327040
2007,Maryland,Melanomas of the Skin,22.2,1291,5653408
2007,Massachusetts,Melanomas of the Skin,23.2,1634,6431559
2007,Michigan,Melanomas of the Skin,19.5,2061,10001284
2007,Minnesota,Melanomas of the Skin,23.8,1276,5207203
2007,Mississippi,Melanomas of the Skin,15.4,454,2928350
2007,Missouri,Melanomas of the Skin,18,1124,5887612
2007,Montana,Melanomas of the Skin,21.5,233,964706
2007,Nebraska,Melanomas of the Skin,18,331,1783440
2007,Nevada,Melanomas of the Skin,16.3,419,2601072
2007,New Hampshire,Melanomas of the Skin,26.7,386,1312540
2007,New Jersey,Melanomas of the Skin,22.7,2108,8677885
2007,New Mexico,Melanomas of the Skin,15.6,331,1990070
2007,New York,Melanomas of the Skin,16.2,3310,19132335
2007,North Carolina,Melanomas of the Skin,21.2,1991,9118037
2007,North Dakota,Melanomas of the Skin,20.5,142,652822
2007,Ohio,Melanomas of the Skin,19.6,2436,11500468
2007,Oklahoma,Melanomas of the Skin,21.5,818,3634349
2007,Oregon,Melanomas of the Skin,25,1020,3722417
2007,Pennsylvania,Melanomas of the Skin,17.4,2485,12563937
2007,Puerto Rico,Melanomas of the Skin,2.3,90,3782995
2007,Rhode Island,Melanomas of the Skin,19.9,233,1057315
2007,South Carolina,Melanomas of the Skin,22.8,1074,4444110
2007,South Dakota,Melanomas of the Skin,16.1,135,791623
2007,Tennessee,Melanomas of the Skin,21.4,1399,6175727
2007,Texas,Melanomas of the Skin,14.4,3097,23831983
2007,United States,Melanomas of the Skin,19.7,61748,301231207
2007,Utah,Melanomas of the Skin,30.2,626,2597746
2007,Vermont,Melanomas of the Skin,28.2,200,623481
2007,Virginia,Melanomas of the Skin,23,1829,7751000
2007,Washington,Melanomas of the Skin,24.3,1627,6461587
2007,West Virginia,Melanomas of the Skin,19.6,419,1834052
2007,Wisconsin,Melanomas of the Skin,18.6,1110,5610775
2007,Wyoming,Melanomas of the Skin,17.3,98,534876
2008,Alabama,Melanomas of the Skin,20.9,1065,4718206
2008,Alaska,Melanomas of the Skin,12.5,76,687455
2008,Arizona,Melanomas of the Skin,16,1033,6280362
2008,Arkansas,Melanomas of the Skin,14,443,2874554
2008,California,Melanomas of the Skin,21.5,7630,36604337
2008,Colorado,Melanomas of the Skin,21.5,1027,4889730
2008,Connecticut,Melanomas of the Skin,23.1,923,3545579
2008,Delaware,Melanomas of the Skin,24.6,239,883874
2008,District of Columbia,Melanomas of the Skin,7.7,46,580236
2008,Florida,Melanomas of the Skin,21,4774,18527305
2008,Georgia,Melanomas of the Skin,21.8,1954,9504843
2008,Hawaii,Melanomas of the Skin,19.7,301,1332213
2008,Idaho,Melanomas of the Skin,21.6,328,1534320
2008,Illinois,Melanomas of the Skin,17.9,2335,12747038
2008,Indiana,Melanomas of the Skin,18.3,1229,6424806
2008,Iowa,Melanomas of the Skin,22,720,3016734
2008,Kansas,Melanomas of the Skin,24.3,710,2808076
2008,Kentucky,Melanomas of the Skin,23.3,1070,4289878
2008,Louisiana,Melanomas of the Skin,13.4,611,4435586
2008,Maine,Melanomas of the Skin,21.1,338,1330509
2008,Maryland,Melanomas of the Skin,21.5,1260,5684965
2008,Massachusetts,Melanomas of the Skin,22.9,1628,6468967
2008,Michigan,Melanomas of the Skin,21.5,2298,9946889
2008,Minnesota,Melanomas of the Skin,24.6,1334,5247018
2008,Mississippi,Melanomas of the Skin,17,512,2947806
2008,Missouri,Melanomas of the Skin,17.8,1139,5923916
2008,Montana,Melanomas of the Skin,20.4,230,976415
2008,Nebraska,Melanomas of the Skin,18.4,353,1796378
2008,Nevada,Melanomas of the Skin,15.2,395,2653630
2008,New Hampshire,Melanomas of the Skin,28.1,410,1315906
2008,New Jersey,Melanomas of the Skin,21.7,2067,8711090
2008,New Mexico,Melanomas of the Skin,22.2,475,2010662
2008,New York,Melanomas of the Skin,17.4,3586,19212436
2008,North Carolina,Melanomas of the Skin,23.1,2238,9309449
2008,North Dakota,Melanomas of the Skin,18.4,129,657569
2008,Ohio,Melanomas of the Skin,20.4,2559,11515391
2008,Oklahoma,Melanomas of the Skin,16.9,653,3668976
2008,Oregon,Melanomas of the Skin,29,1196,3768748
2008,Pennsylvania,Melanomas of the Skin,18.4,2675,12612285
2008,Puerto Rico,Melanomas of the Skin,2.6,102,3760866
2008,Rhode Island,Melanomas of the Skin,21.1,254,1055003
2008,South Carolina,Melanomas of the Skin,23.1,1120,4528996
2008,South Dakota,Melanomas of the Skin,15.2,129,799124
2008,Tennessee,Melanomas of the Skin,19.1,1270,6247411
2008,Texas,Melanomas of the Skin,14.2,3145,24309039
2008,United States,Melanomas of the Skin,20,63876,304093966
2008,Utah,Melanomas of the Skin,30.4,648,2663029
2008,Vermont,Melanomas of the Skin,26.3,187,624151
2008,Virginia,Melanomas of the Skin,20.8,1666,7833496
2008,Washington,Melanomas of the Skin,25.7,1748,6562231
2008,West Virginia,Melanomas of the Skin,20.2,433,1840310
2008,Wisconsin,Melanomas of the Skin,19,1156,5640996
2008,Wyoming,Melanomas of the Skin,22.8,131,546043
2009,Alabama,Melanomas of the Skin,22.5,1154,4757938
2009,Alaska,Melanomas of the Skin,12.1,76,698895
2009,Arizona,Melanomas of the Skin,18.2,1213,6343154
2009,Arkansas,Melanomas of the Skin,15.2,478,2896843
2009,California,Melanomas of the Skin,20.8,7529,36961229
2009,Colorado,Melanomas of the Skin,23,1138,4972195
2009,Connecticut,Melanomas of the Skin,23.8,962,3561807
2009,Delaware,Melanomas of the Skin,29.5,296,891730
2009,District of Columbia,Melanomas of the Skin,8.1,51,592228
2009,Florida,Melanomas of the Skin,20.8,4838,18652644
2009,Georgia,Melanomas of the Skin,22.3,2034,9620846
2009,Hawaii,Melanomas of the Skin,21.1,320,1346717
2009,Idaho,Melanomas of the Skin,26.2,411,1554439
2009,Illinois,Melanomas of the Skin,18,2369,12796778
2009,Indiana,Melanomas of the Skin,19,1279,6459325
2009,Iowa,Melanomas of the Skin,23.2,772,3032870
2009,Kansas,Melanomas of the Skin,24,727,2832704
2009,Kentucky,Melanomas of the Skin,24.1,1110,4317074
2009,Louisiana,Melanomas of the Skin,16.3,748,4491648
2009,Maine,Melanomas of the Skin,23.3,380,1329590
2009,Maryland,Melanomas of the Skin,20.3,1209,5730388
2009,Massachusetts,Melanomas of the Skin,21.9,1569,6517613
2009,Michigan,Melanomas of the Skin,20.5,2206,9901591
2009,Minnesota,Melanomas of the Skin,26.5,1480,5281203
2009,Mississippi,Melanomas of the Skin,17.7,536,2958774
2009,Missouri,Melanomas of the Skin,18.8,1225,5961088
2009,Montana,Melanomas of the Skin,21.5,242,983982
2009,Nebraska,Melanomas of the Skin,19,356,1812683
2009,Nevada,Melanomas of the Skin,16.2,437,2684665
2009,New Hampshire,Melanomas of the Skin,25.6,375,1316102
2009,New Jersey,Melanomas of the Skin,21.3,2044,8755602
2009,New Mexico,Melanomas of the Skin,19,417,2036802
2009,New York,Melanomas of the Skin,18.2,3819,19307066
2009,North Carolina,Melanomas of the Skin,25.3,2489,9449566
2009,North Dakota,Melanomas of the Skin,21.8,158,664968
2009,Ohio,Melanomas of the Skin,20.8,2621,11528896
2009,Oklahoma,Melanomas of the Skin,17,679,3717572
2009,Oregon,Melanomas of the Skin,24.8,1041,3808600
2009,Pennsylvania,Melanomas of the Skin,20.5,3020,12666858
2009,Puerto Rico,Melanomas of the Skin,2.5,102,3740410
2009,Rhode Island,Melanomas of the Skin,20.4,247,1053646
2009,South Carolina,Melanomas of the Skin,24.5,1210,4589872
2009,South Dakota,Melanomas of the Skin,17.6,157,807067
2009,Tennessee,Melanomas of the Skin,23.4,1590,6306019
2009,Texas,Melanomas of the Skin,13.7,3131,24801761
2009,United States,Melanomas of the Skin,20.4,66262,306771529
2009,Utah,Melanomas of the Skin,30.9,681,2723421
2009,Vermont,Melanomas of the Skin,32.7,241,624817
2009,Virginia,Melanomas of the Skin,18.9,1545,7925937
2009,Washington,Melanomas of the Skin,25.8,1800,6667426
2009,West Virginia,Melanomas of the Skin,22.6,484,1847775
2009,Wisconsin,Melanomas of the Skin,20.3,1244,5669264
2009,Wyoming,Melanomas of the Skin,21.3,124,559851
2010,Alabama,Melanomas of the Skin,21.6,1135,4788081
2010,Alaska,Melanomas of the Skin,14.3,94,714026
2010,Arizona,Melanomas of the Skin,16.3,1119,6402172
2010,Arkansas,Melanomas of the Skin,14.8,473,2921608
2010,California,Melanomas of the Skin,21,7745,37322860
2010,Colorado,Melanomas of the Skin,22.4,1119,5047145
2010,Connecticut,Melanomas of the Skin,23.4,950,3580397
2010,Delaware,Melanomas of the Skin,30.4,308,899782
2010,District of Columbia,Melanomas of the Skin,6.8,43,604863
2010,Florida,Melanomas of the Skin,20.3,4769,18843093
2010,Georgia,Melanomas of the Skin,23.1,2167,9712592
2010,Hawaii,Melanomas of the Skin,22,347,1365018
2010,Idaho,Melanomas of the Skin,24.5,396,1571271
2010,Illinois,Melanomas of the Skin,17.4,2339,12845651
2010,Indiana,Melanomas of the Skin,19.8,1367,6491454
2010,Iowa,Melanomas of the Skin,25.4,864,3051494
2010,Kansas,Melanomas of the Skin,24,719,2858825
2010,Kentucky,Melanomas of the Skin,24.3,1144,4349251
2010,Louisiana,Melanomas of the Skin,15.5,722,4544928
2010,Maine,Melanomas of the Skin,22.2,357,1328010
2010,Maryland,Melanomas of the Skin,21.1,1298,5791559
2010,Massachusetts,Melanomas of the Skin,21,1549,6569701
2010,Michigan,Melanomas of the Skin,18.7,2041,9880313
2010,Minnesota,Melanomas of the Skin,28.3,1596,5312209
2010,Mississippi,Melanomas of the Skin,16.6,511,2970442
2010,Missouri,Melanomas of the Skin,17,1111,5996222
2010,Montana,Melanomas of the Skin,25.8,294,990886
2010,Nebraska,Melanomas of the Skin,18.1,351,1830136
2010,Nevada,Melanomas of the Skin,15.8,429,2702108
2010,New Hampshire,Melanomas of the Skin,28.7,435,1317134
2010,New Jersey,Melanomas of the Skin,22.1,2163,8809128
2010,New Mexico,Melanomas of the Skin,20.1,444,2064960
2010,New York,Melanomas of the Skin,16.8,3568,19419863
2010,North Carolina,Melanomas of the Skin,22.9,2312,9571277
2010,North Dakota,Melanomas of the Skin,23.1,171,675050
2010,Ohio,Melanomas of the Skin,19.3,2470,11542128
2010,Oklahoma,Melanomas of the Skin,14.9,598,3759526
2010,Oregon,Melanomas of the Skin,27,1163,3837741
2010,Pennsylvania,Melanomas of the Skin,21.1,3160,12716726
2010,Puerto Rico,Melanomas of the Skin,3.4,137,3721525
2010,Rhode Island,Melanomas of the Skin,23.5,281,1054925
2010,South Carolina,Melanomas of the Skin,22.7,1152,4634069
2010,South Dakota,Melanomas of the Skin,21.4,185,816075
2010,Tennessee,Melanomas of the Skin,21.9,1515,6356365
2010,Texas,Melanomas of the Skin,12.9,3008,25238866
2010,United States,Melanomas of the Skin,20.1,66497,309382247
2010,Utah,Melanomas of the Skin,33.7,768,2776098
2010,Vermont,Melanomas of the Skin,28.1,208,626351
2010,Virginia,Melanomas of the Skin,18.7,1571,8025154
2010,Washington,Melanomas of the Skin,27.1,1918,6743763
2010,West Virginia,Melanomas of the Skin,21,469,1854428
2010,Wisconsin,Melanomas of the Skin,22.6,1406,5692094
2010,Wyoming,Melanomas of the Skin,30.1,175,564429
2011,Alabama,Melanomas of the Skin,20.6,1098,4812311
2011,Alaska,Melanomas of the Skin,12.3,83,722610
2011,Arizona,Melanomas of the Skin,19.9,1404,6447287
2011,Arkansas,Melanomas of the Skin,17.3,567,2938936
2011,California,Melanomas of the Skin,20.9,7878,37653337
2011,Colorado,Melanomas of the Skin,22.1,1141,5119705
2011,Connecticut,Melanomas of the Skin,21.1,878,3594525
2011,Delaware,Melanomas of the Skin,30.8,321,908309
2011,District of Columbia,Melanomas of the Skin,9.1,57,617919
2011,Florida,Melanomas of the Skin,23.4,5695,19040534
2011,Georgia,Melanomas of the Skin,23.9,2271,9805864
2011,Hawaii,Melanomas of the Skin,19.6,313,1385040
2011,Idaho,Melanomas of the Skin,28.1,451,1586608
2011,Illinois,Melanomas of the Skin,18.5,2507,12893479
2011,Indiana,Melanomas of the Skin,17.5,1216,6521740
2011,Iowa,Melanomas of the Skin,24.3,821,3070205
2011,Kansas,Melanomas of the Skin,24.9,749,2872711
2011,Kentucky,Melanomas of the Skin,23.7,1124,4374688
2011,Louisiana,Melanomas of the Skin,14.8,706,4577373
2011,Maine,Melanomas of the Skin,22.3,374,1330080
2011,Maryland,Melanomas of the Skin,20.5,1289,5854468
2011,Massachusetts,Melanomas of the Skin,22.7,1703,6630477
2011,Michigan,Melanomas of the Skin,19.3,2123,9896397
2011,Minnesota,Melanomas of the Skin,27.6,1579,5353021
2011,Mississippi,Melanomas of the Skin,18.9,595,2978033
2011,Missouri,Melanomas of the Skin,18.7,1230,6011737
2011,Montana,Melanomas of the Skin,24.3,288,998287
2011,Nebraska,Melanomas of the Skin,19.7,390,1843859
2011,Nevada,Melanomas of the Skin,13.5,375,2710920
2011,New Hampshire,Melanomas of the Skin,27,409,1321998
2011,New Jersey,Melanomas of the Skin,21.8,2158,8877379
2011,New Mexico,Melanomas of the Skin,15.1,349,2082326
2011,New York,Melanomas of the Skin,18.7,4070,19601165
2011,North Carolina,Melanomas of the Skin,22.7,2339,9642058
2011,North Dakota,Melanomas of the Skin,23,179,687105
2011,Ohio,Melanomas of the Skin,20.3,2616,11559008
2011,Oklahoma,Melanomas of the Skin,16.2,653,3786469
2011,Oregon,Melanomas of the Skin,27.6,1199,3873101
2011,Pennsylvania,Melanomas of the Skin,21.7,3292,12773677
2011,Puerto Rico,Melanomas of the Skin,2.2,93,3678732
2011,Rhode Island,Melanomas of the Skin,21.2,250,1058765
2011,South Carolina,Melanomas of the Skin,20.9,1085,4663322
2011,South Dakota,Melanomas of the Skin,21.7,199,823139
2011,Tennessee,Melanomas of the Skin,20.7,1453,6404474
2011,Texas,Melanomas of the Skin,15.4,3675,25630837
2011,United States,Melanomas of the Skin,20.7,69668,311860624
2011,Utah,Melanomas of the Skin,34.8,804,2818441
2011,Vermont,Melanomas of the Skin,29.5,227,629629
2011,Virginia,Melanomas of the Skin,18.5,1579,8108207
2011,Washington,Melanomas of the Skin,26.5,1916,6831076
2011,West Virginia,Melanomas of the Skin,22.2,493,1857508
2011,Wisconsin,Melanomas of the Skin,21.7,1372,5713582
2011,Wyoming,Melanomas of the Skin,20.9,125,566898
2012,Alabama,Melanomas of the Skin,22.1,1202,4839463
2012,Alaska,Melanomas of the Skin,15,101,731293
2012,Arizona,Melanomas of the Skin,19.4,1396,6508584
2012,Arkansas,Melanomas of the Skin,19.6,640,2949008
2012,California,Melanomas of the Skin,21.5,8286,37974434
2012,Colorado,Melanomas of the Skin,22.9,1212,5189492
2012,Connecticut,Melanomas of the Skin,20,854,3605729
2012,Delaware,Melanomas of the Skin,30.3,331,916823
2012,District of Columbia,Melanomas of the Skin,7.7,50,631263
2012,Florida,Melanomas of the Skin,23,5756,19274146
2012,Georgia,Melanomas of the Skin,26.8,2637,9907486
2012,Hawaii,Melanomas of the Skin,18.2,296,1405271
2012,Idaho,Melanomas of the Skin,27.6,465,1600106
2012,Illinois,Melanomas of the Skin,18.8,2588,12929231
2012,Indiana,Melanomas of the Skin,18.7,1311,6546884
2012,Iowa,Melanomas of the Skin,24.4,851,3082954
2012,Kansas,Melanomas of the Skin,24.6,758,2891541
2012,Kentucky,Melanomas of the Skin,25.7,1258,4394720
2012,Louisiana,Melanomas of the Skin,17.2,823,4603999
2012,Maine,Melanomas of the Skin,24,415,1330995
2012,Maryland,Melanomas of the Skin,21.1,1347,5914093
2012,Massachusetts,Melanomas of the Skin,20.6,1570,6693498
2012,Michigan,Melanomas of the Skin,19.2,2143,9922016
2012,Minnesota,Melanomas of the Skin,29.4,1738,5388955
2012,Mississippi,Melanomas of the Skin,17.3,559,2982537
2012,Missouri,Melanomas of the Skin,18.6,1264,6026931
2012,Montana,Melanomas of the Skin,26.9,310,1005513
2012,Nebraska,Melanomas of the Skin,17.9,364,1859010
2012,Nevada,Melanomas of the Skin,14.5,425,2740507
2012,New Hampshire,Melanomas of the Skin,26.4,413,1327457
2012,New Jersey,Melanomas of the Skin,21.7,2197,8933878
2012,New Mexico,Melanomas of the Skin,15.9,368,2090451
2012,New York,Melanomas of the Skin,17.4,3849,19758027
2012,North Carolina,Melanomas of the Skin,24.2,2559,9721096
2012,North Dakota,Melanomas of the Skin,22.6,173,705060
2012,Ohio,Melanomas of the Skin,19.7,2547,11574520
2012,Oklahoma,Melanomas of the Skin,18.2,745,3815060
2012,Oregon,Melanomas of the Skin,27.3,1218,3900726
2012,Pennsylvania,Melanomas of the Skin,21.7,3311,12816841
2012,Puerto Rico,Melanomas of the Skin,3,125,3634488
2012,Rhode Island,Melanomas of the Skin,22,275,1063778
2012,South Carolina,Melanomas of the Skin,22.7,1215,4701891
2012,South Dakota,Melanomas of the Skin,24.3,219,832774
2012,Tennessee,Melanomas of the Skin,20.2,1437,6463252
2012,Texas,Melanomas of the Skin,12.5,3071,26056872
2012,United States,Melanomas of the Skin,20.8,71225,314371446
2012,Utah,Melanomas of the Skin,35.6,850,2860751
2012,Vermont,Melanomas of the Skin,31,239,630795
2012,Virginia,Melanomas of the Skin,17.4,1532,8197707
2012,Washington,Melanomas of the Skin,25.6,1907,6904891
2012,West Virginia,Melanomas of the Skin,21.4,485,1859012
2012,Wisconsin,Melanomas of the Skin,23.9,1535,5734585
2012,Wyoming,Melanomas of the Skin,22,130,575540
2013,Alabama,Melanomas of the Skin,18.8,1036,4864598
2013,Alaska,Melanomas of the Skin,16.2,108,738288
2013,Arizona,Melanomas of the Skin,20.5,1520,6564810
2013,Arkansas,Melanomas of the Skin,19.4,638,2954791
2013,California,Melanomas of the Skin,22.4,8805,38296038
2013,Colorado,Melanomas of the Skin,22,1203,5264410
2013,Connecticut,Melanomas of the Skin,20.3,875,3610808
2013,Delaware,Melanomas of the Skin,30,326,925913
2013,District of Columbia,Melanomas of the Skin,9.6,63,644892
2013,Florida,Melanomas of the Skin,25,6423,19510365
2013,Georgia,Melanomas of the Skin,25.4,2537,9981153
2013,Hawaii,Melanomas of the Skin,19.1,321,1423518
2013,Idaho,Melanomas of the Skin,26.6,454,1618119
2013,Illinois,Melanomas of the Skin,18,2529,12962244
2013,Indiana,Melanomas of the Skin,17.9,1281,6581794
2013,Iowa,Melanomas of the Skin,26.9,920,3102674
2013,Kansas,Melanomas of the Skin,24.5,766,2902190
2013,Kentucky,Melanomas of the Skin,24.7,1224,4416640
2013,Louisiana,Melanomas of the Skin,16.9,823,4628588
2013,Maine,Melanomas of the Skin,24.8,424,1332694
2013,Maryland,Melanomas of the Skin,22.3,1455,5962508
2013,Massachusetts,Melanomas of the Skin,19.9,1548,6757408
2013,Michigan,Melanomas of the Skin,19.2,2173,9948690
2013,Minnesota,Melanomas of the Skin,29.6,1768,5431143
2013,Mississippi,Melanomas of the Skin,17.5,563,2986809
2013,Missouri,Melanomas of the Skin,18.7,1285,6044141
2013,Montana,Melanomas of the Skin,26.6,327,1016086
2013,Nebraska,Melanomas of the Skin,23.7,474,1873526
2013,Nevada,Melanomas of the Skin,15,445,2770623
2013,New Hampshire,Melanomas of the Skin,28,455,1331251
2013,New Jersey,Melanomas of the Skin,22.5,2299,8985399
2013,New Mexico,Melanomas of the Skin,14.1,333,2096715
2013,New York,Melanomas of the Skin,19.1,4291,19893001
2013,North Carolina,Melanomas of the Skin,25.4,2749,9801964
2013,North Dakota,Melanomas of the Skin,23.5,187,727366
2013,Ohio,Melanomas of the Skin,19.9,2645,11613299
2013,Oklahoma,Melanomas of the Skin,19.4,804,3847764
2013,Oregon,Melanomas of the Skin,29.3,1334,3924800
2013,Pennsylvania,Melanomas of the Skin,24.9,3825,12848096
2013,Puerto Rico,Melanomas of the Skin,4.1,175,3593077
2013,Rhode Island,Melanomas of the Skin,23.6,307,1068360
2013,South Carolina,Melanomas of the Skin,23.4,1268,4741212
2013,South Dakota,Melanomas of the Skin,22,206,841107
2013,Tennessee,Melanomas of the Skin,20.7,1513,6507686
2013,Texas,Melanomas of the Skin,12.8,3224,26438948
2013,United States,Melanomas of the Skin,21.4,74880,316765048
2013,Utah,Melanomas of the Skin,38.2,932,2908385
2013,Vermont,Melanomas of the Skin,32.9,261,632965
2013,Virginia,Melanomas of the Skin,20.8,1873,8270503
2013,Washington,Melanomas of the Skin,26.1,1987,6975101
2013,West Virginia,Melanomas of the Skin,20.1,458,1856971
2013,Wisconsin,Melanomas of the Skin,22.5,1482,5757711
2013,Wyoming,Melanomas of the Skin,20.8,133,580983
2014,Alabama,Melanomas of the Skin,19.3,1063,4886870
2014,Alaska,Melanomas of the Skin,17.1,111,737859
2014,Arizona,Melanomas of the Skin,22.7,1733,6639874
2014,Arkansas,Melanomas of the Skin,19.4,658,2961247
2014,California,Melanomas of the Skin,23.6,9559,38640488
2014,Colorado,Melanomas of the Skin,22.5,1265,5343818
2014,Connecticut,Melanomas of the Skin,22.1,947,3615128
2014,Delaware,Melanomas of the Skin,29.9,344,935476
2014,District of Columbia,Melanomas of the Skin,10.1,67,654680
2014,Florida,Melanomas of the Skin,25.7,6736,19798068
2014,Georgia,Melanomas of the Skin,28.2,2896,10078167
2014,Hawaii,Melanomas of the Skin,20.2,350,1434580
2014,Idaho,Melanomas of the Skin,27.5,485,1640256
2014,Illinois,Melanomas of the Skin,18.9,2704,12971447
2014,Indiana,Melanomas of the Skin,21.8,1584,6610377
2014,Iowa,Melanomas of the Skin,25.4,907,3121957
2014,Kansas,Melanomas of the Skin,25.5,805,2912032
2014,Kentucky,Melanomas of the Skin,27.8,1363,4429473
2014,Louisiana,Melanomas of the Skin,17.6,871,4649031
2014,Maine,Melanomas of the Skin,25.3,448,1336605
2014,Maryland,Melanomas of the Skin,21.6,1432,6009034
2014,Massachusetts,Melanomas of the Skin,19,1516,6820127
2014,Michigan,Melanomas of the Skin,19.4,2217,9975858
2014,Minnesota,Melanomas of the Skin,29.6,1795,5473986
2014,Mississippi,Melanomas of the Skin,17.7,569,2987798
2014,Missouri,Melanomas of the Skin,19.2,1327,6060439
2014,Montana,Melanomas of the Skin,27.7,341,1025173
2014,Nebraska,Melanomas of the Skin,23.6,490,1890039
2014,Nevada,Melanomas of the Skin,15.9,487,2810296
2014,New Hampshire,Melanomas of the Skin,33.7,552,1339410
2014,New Jersey,Melanomas of the Skin,21.9,2315,9034241
2014,New Mexico,Melanomas of the Skin,15,365,2095241
2014,New York,Melanomas of the Skin,18.4,4193,20002920
2014,North Carolina,Melanomas of the Skin,26.2,2895,9878202
2014,North Dakota,Melanomas of the Skin,21.4,167,744371
2014,Ohio,Melanomas of the Skin,23.4,3155,11649926
2014,Oklahoma,Melanomas of the Skin,22.8,959,3871075
2014,Oregon,Melanomas of the Skin,29.9,1390,3966087
2014,Pennsylvania,Melanomas of the Skin,26,4072,12881526
2014,Puerto Rico,Melanomas of the Skin,3.8,157,3534874
2014,Rhode Island,Melanomas of the Skin,27.8,354,1073243
2014,South Carolina,Melanomas of the Skin,23.2,1294,4793110
2014,South Dakota,Melanomas of the Skin,26.8,245,847504
2014,Tennessee,Melanomas of the Skin,19.5,1452,6558608
2014,Texas,Melanomas of the Skin,13.2,3401,26908012
2014,United States,Melanomas of the Skin,22.3,79443,319294716
2014,Utah,Melanomas of the Skin,42.9,1079,2950938
2014,Vermont,Melanomas of the Skin,36.2,295,633950
2014,Virginia,Melanomas of the Skin,20.2,1854,8334299
2014,Washington,Melanomas of the Skin,26.7,2071,7068832
2014,West Virginia,Melanomas of the Skin,20.5,458,1853340
2014,Wisconsin,Melanomas of the Skin,24.7,1636,5778715
2014,Wyoming,Melanomas of the Skin,26.8,171,580983
2015,Alabama,Melanomas of the Skin,22.5,1272,4908173
2015,Alaska,Melanomas of the Skin,14.1,93,739305
2015,Arizona,Melanomas of the Skin,24.6,1927,6716074
2015,Arkansas,Melanomas of the Skin,21.2,719,2970399
2015,California,Melanomas of the Skin,23.6,9747,38969769
2015,Colorado,Melanomas of the Skin,22.5,1303,5442972
2015,Connecticut,Melanomas of the Skin,20.6,889,3612364
2015,Delaware,Melanomas of the Skin,29.6,347,944928
2015,District of Columbia,Melanomas of the Skin,10.7,72,665747
2015,Florida,Melanomas of the Skin,26.7,7226,20148144
2015,Georgia,Melanomas of the Skin,28,2951,10191832
2015,Hawaii,Melanomas of the Skin,22.8,399,1446862
2015,Idaho,Melanomas of the Skin,28.8,513,1662458
2015,Illinois,Melanomas of the Skin,20.6,2931,12965660
2015,Indiana,Melanomas of the Skin,22.9,1688,6628952
2015,Iowa,Melanomas of the Skin,26.7,962,3136422
2015,Kansas,Melanomas of the Skin,27.8,884,2923211
2015,Kentucky,Melanomas of the Skin,27.8,1400,4444354
2015,Louisiana,Melanomas of the Skin,19.1,967,4670668
2015,Maine,Melanomas of the Skin,28.4,491,1335719
2015,Maryland,Melanomas of the Skin,25.1,1695,6049277
2015,Massachusetts,Melanomas of the Skin,21.9,1758,6865806
2015,Michigan,Melanomas of the Skin,21.1,2433,9988208
2015,Minnesota,Melanomas of the Skin,32.4,1990,5510274
2015,Mississippi,Melanomas of the Skin,16.3,536,2985137
2015,Missouri,Melanomas of the Skin,20.2,1417,6076986
2015,Montana,Melanomas of the Skin,26.3,329,1034608
2015,Nebraska,Melanomas of the Skin,25.8,527,1904556
2015,Nevada,Melanomas of the Skin,12.9,407,2857453
2015,New Hampshire,Melanomas of the Skin,32.8,531,1343799
2015,New Jersey,Melanomas of the Skin,22.3,2394,9076853
2015,New Mexico,Melanomas of the Skin,16.6,414,2096226
2015,New York,Melanomas of the Skin,17.8,4143,20090146
2015,North Carolina,Melanomas of the Skin,28,3164,9963875
2015,North Dakota,Melanomas of the Skin,26.7,209,762686
2015,Ohio,Melanomas of the Skin,25.4,3441,11675407
2015,Oklahoma,Melanomas of the Skin,22.4,953,3900539
2015,Oregon,Melanomas of the Skin,28.3,1371,4019120
2015,Pennsylvania,Melanomas of the Skin,25.9,4070,12899483
2015,Puerto Rico,Melanomas of the Skin,3.2,137,3473232
2015,Rhode Island,Melanomas of the Skin,23.9,313,1077549
2015,South Carolina,Melanomas of the Skin,24,1360,4853451
2015,South Dakota,Melanomas of the Skin,25.7,241,851959
2015,Tennessee,Melanomas of the Skin,22.5,1705,6612788
2015,Texas,Melanomas of the Skin,13.6,3580,27398609
2015,United States,Melanomas of the Skin,23,83334,321850521
2015,Utah,Melanomas of the Skin,41,1063,2999375
2015,Vermont,Melanomas of the Skin,36,293,635990
2015,Virginia,Melanomas of the Skin,19.1,1765,8390504
2015,Washington,Melanomas of the Skin,26.6,2131,7181177
2015,West Virginia,Melanomas of the Skin,21.5,491,1846651
2015,Wisconsin,Melanomas of the Skin,24.9,1675,5794297
2015,Wyoming,Melanomas of the Skin,23.5,154,583719
2016,Alabama,Melanomas of the Skin,24.4,1392,4930490
2016,Alaska,Melanomas of the Skin,14.9,101,743530
2016,Arizona,Melanomas of the Skin,27.7,2210,6803119
2016,Arkansas,Melanomas of the Skin,21.1,714,2980570
2016,California,Melanomas of the Skin,23.3,9820,39225383
2016,Colorado,Melanomas of the Skin,23,1354,5529732
2016,Connecticut,Melanomas of the Skin,21.1,929,3607920
2016,Delaware,Melanomas of the Skin,29.8,362,953302
2016,District of Columbia,Melanomas of the Skin,10.3,69,673900
2016,Florida,Melanomas of the Skin,26.3,7281,20539843
2016,Georgia,Melanomas of the Skin,26.3,2856,10318397
2016,Hawaii,Melanomas of the Skin,25.6,447,1457357
2016,Idaho,Melanomas of the Skin,30.6,563,1696174
2016,Illinois,Melanomas of the Skin,22.2,3237,12947127
2016,Indiana,Melanomas of the Skin,24.4,1807,6658414
2016,Iowa,Melanomas of the Skin,29.5,1057,3149612
2016,Kansas,Melanomas of the Skin,27.9,890,2927628
2016,Kentucky,Melanomas of the Skin,29.5,1501,4458147
2016,Louisiana,Melanomas of the Skin,16.7,846,4685626
2016,Maine,Melanomas of the Skin,28.2,504,1340190
2016,Maryland,Melanomas of the Skin,24,1646,6079471
2016,Massachusetts,Melanomas of the Skin,24.9,2040,6908610
2016,Michigan,Melanomas of the Skin,21.7,2576,10017593
2016,Minnesota,Melanomas of the Skin,32.2,2010,5556571
2016,Mississippi,Melanomas of the Skin,18.6,619,2984394
2016,Missouri,Melanomas of the Skin,19,1328,6093107
2016,Montana,Melanomas of the Skin,27.8,349,1045787
2016,Nebraska,Melanomas of the Skin,29.3,606,1921380
2016,Nevada,Melanomas of the Skin,19.2,632,2905881
2016,New Hampshire,Melanomas of the Skin,31.5,545,1351170
2016,New Jersey,Melanomas of the Skin,21,2269,9119889
2016,New Mexico,Melanomas of the Skin,16.6,420,2099738
2016,New York,Melanomas of the Skin,17.7,4194,20152006
2016,North Carolina,Melanomas of the Skin,26.8,3064,10073791
2016,North Dakota,Melanomas of the Skin,22.4,184,764570
2016,Ohio,Melanomas of the Skin,26.7,3643,11702662
2016,Oklahoma,Melanomas of the Skin,24.3,1048,3916227
2016,Oregon,Melanomas of the Skin,25.8,1253,4093653
2016,Pennsylvania,Melanomas of the Skin,23.6,3779,12918474
2016,Puerto Rico,Melanomas of the Skin,3.8,164,3406672
2016,Rhode Island,Melanomas of the Skin,22.7,300,1082407
2016,South Carolina,Melanomas of the Skin,25,1473,4911300
2016,South Dakota,Melanomas of the Skin,25.6,243,860454
2016,Tennessee,Melanomas of the Skin,19.8,1532,6672115
2016,Texas,Melanomas of the Skin,13.7,3699,27828636
2016,United States,Melanomas of the Skin,23.1,85246,324377907
2016,Utah,Melanomas of the Skin,41.7,1114,3063287
2016,Vermont,Melanomas of the Skin,41.2,335,636440
2016,Virginia,Melanomas of the Skin,19.8,1887,8444897
2016,Washington,Melanomas of the Skin,25.7,2100,7316335
2016,West Virginia,Melanomas of the Skin,22.6,530,1836221
2016,Wisconsin,Melanomas of the Skin,25.5,1750,5812359
2016,Wyoming,Melanomas of the Skin,20.4,138,582021
2017,Alabama,Melanomas of the Skin,22.8,1339,4951852
2017,Alaska,Melanomas of the Skin,12.4,87,742015
2017,Arizona,Melanomas of the Skin,31.2,2570,6880741
2017,Arkansas,Melanomas of the Skin,21.9,768,2990582
2017,California,Melanomas of the Skin,23.1,9887,39423395
2017,Colorado,Melanomas of the Skin,23,1369,5600301
2017,Connecticut,Melanomas of the Skin,19.2,868,3607571
2017,Delaware,Melanomas of the Skin,29.1,350,961655
2017,District of Columbia,Melanomas of the Skin,11.3,77,680978
2017,Florida,Melanomas of the Skin,27.3,7790,20872368
2017,Georgia,Melanomas of the Skin,27.1,3000,10427909
2017,Hawaii,Melanomas of the Skin,20.4,376,1458538
2017,Idaho,Melanomas of the Skin,28.9,552,1734037
2017,Illinois,Melanomas of the Skin,22.8,3318,12924024
2017,Indiana,Melanomas of the Skin,23.4,1769,6685534
2017,Iowa,Melanomas of the Skin,29.2,1062,3162567
2017,Kansas,Melanomas of the Skin,29.8,975,2927546
2017,Kentucky,Melanomas of the Skin,27.8,1422,4475884
2017,Louisiana,Melanomas of the Skin,18.7,972,4678411
2017,Maine,Melanomas of the Skin,25.5,455,1344770
2017,Maryland,Melanomas of the Skin,25.1,1775,6112265
2017,Massachusetts,Melanomas of the Skin,26.6,2225,6957964
2017,Michigan,Melanomas of the Skin,21.4,2558,10049753
2017,Minnesota,Melanomas of the Skin,35.6,2253,5605359
2017,Mississippi,Melanomas of the Skin,20.6,699,2983264
2017,Missouri,Melanomas of the Skin,20.3,1424,6113058
2017,Montana,Melanomas of the Skin,30.2,392,1058018
2017,Nebraska,Melanomas of the Skin,29.7,616,1934253
2017,Nevada,Melanomas of the Skin,23.2,783,2955661
2017,New Hampshire,Melanomas of the Skin,36,628,1358989
2017,New Jersey,Melanomas of the Skin,22.7,2500,9174435
2017,New Mexico,Melanomas of the Skin,19,480,2100953
2017,New York,Melanomas of the Skin,17.8,4258,20190421
2017,North Carolina,Melanomas of the Skin,26.3,3103,10172753
2017,North Dakota,Melanomas of the Skin,25.1,205,766510
2017,Ohio,Melanomas of the Skin,24.5,3426,11737441
2017,Oklahoma,Melanomas of the Skin,22.5,987,3919641
2017,Oregon,Melanomas of the Skin,26.1,1317,4147332
2017,Pennsylvania,Melanomas of the Skin,21.7,3540,12944712
2017,Puerto Rico,Melanomas of the Skin,3.5,74,1662642
2017,Rhode Island,Melanomas of the Skin,22.4,303,1084973
2017,South Carolina,Melanomas of the Skin,24.6,1488,4965865
2017,South Dakota,Melanomas of the Skin,28.4,282,869948
2017,Tennessee,Melanomas of the Skin,20.8,1622,6738820
2017,Texas,Melanomas of the Skin,14.1,3909,28189190
2017,United States,Melanomas of the Skin,23.4,88025,326611185
2017,Utah,Melanomas of the Skin,39.5,1076,3125843
2017,Vermont,Melanomas of the Skin,39.3,325,639104
2017,Virginia,Melanomas of the Skin,22.3,2150,8502171
2017,Washington,Melanomas of the Skin,26.7,2253,7446641
2017,West Virginia,Melanomas of the Skin,23.7,564,1822823
2017,Wisconsin,Melanomas of the Skin,24.7,1716,5836099
2017,Wyoming,Melanomas of the Skin,23.9,162,576248
2018,Alabama,Melanomas of the Skin,23.4,1359,4976062
2018,Alaska,Melanomas of the Skin,15.9,118,737791
2018,Arizona,Melanomas of the Skin,32.1,2746,6970505
2018,Arkansas,Melanomas of the Skin,23.3,821,2997060
2018,California,Melanomas of the Skin,23.1,10053,39534267
2018,Colorado,Melanomas of the Skin,21.9,1349,5677250
2018,Connecticut,Melanomas of the Skin,19.4,880,3611228
2018,Delaware,Melanomas of the Skin,29.7,371,971164
2018,District of Columbia,Melanomas of the Skin,8.8,58,685637
2018,Florida,Melanomas of the Skin,26.3,7745,21134065
2018,Georgia,Melanomas of the Skin,25.8,2938,10531842
2018,Hawaii,Melanomas of the Skin,23.5,449,1460197
2018,Idaho,Melanomas of the Skin,29.7,581,1768548
2018,Illinois,Melanomas of the Skin,22.4,3318,12887977
2018,Indiana,Melanomas of the Skin,21.5,1645,6725385
2018,Iowa,Melanomas of the Skin,31,1126,3171332
2018,Kansas,Melanomas of the Skin,28,910,2931560
2018,Kentucky,Melanomas of the Skin,29,1518,4487280
2018,Louisiana,Melanomas of the Skin,19.8,1020,4669777
2018,Maine,Melanomas of the Skin,29.2,552,1350446
2018,Maryland,Melanomas of the Skin,23.8,1716,6138241
2018,Massachusetts,Melanomas of the Skin,17,1429,6993570
2018,Michigan,Melanomas of the Skin,21,2531,10070378
2018,Minnesota,Melanomas of the Skin,39.5,2544,5650009
2018,Mississippi,Melanomas of the Skin,18,610,2974473
2018,Missouri,Melanomas of the Skin,18.7,1327,6128072
2018,Montana,Melanomas of the Skin,29.8,393,1066548
2018,Nebraska,Melanomas of the Skin,31,659,1945249
2018,Nevada,Melanomas of the Skin,22.5,780,3011644
2018,New Hampshire,Melanomas of the Skin,29.2,524,1364844
2018,New Jersey,Melanomas of the Skin,20.6,2303,9218359
2018,New Mexico,Melanomas of the Skin,15.7,407,2103001
2018,New York,Melanomas of the Skin,17.7,4330,20222058
2018,North Carolina,Melanomas of the Skin,25.7,3093,10273719
2018,North Dakota,Melanomas of the Skin,22.8,189,771293
2018,Ohio,Melanomas of the Skin,25.2,3556,11762453
2018,Oklahoma,Melanomas of the Skin,20.2,894,3927760
2018,Oregon,Melanomas of the Skin,23.1,1189,4183420
2018,Pennsylvania,Melanomas of the Skin,21.4,3529,12980055
2018,Puerto Rico,Melanomas of the Skin,3.2,139,3193344
2018,Rhode Island,Melanomas of the Skin,22.3,302,1091774
2018,South Carolina,Melanomas of the Skin,23.8,1457,5021106
2018,South Dakota,Melanomas of the Skin,30.4,309,875092
2018,Tennessee,Melanomas of the Skin,19.6,1573,6805988
2018,Texas,Melanomas of the Skin,14.6,4112,28507509
2018,United States,Melanomas of the Skin,22.8,87446,328525933
2018,Utah,Melanomas of the Skin,41.2,1154,3180895
2018,Vermont,Melanomas of the Skin,36.4,309,640683
2018,Virginia,Melanomas of the Skin,21.5,2143,8546408
2018,Washington,Melanomas of the Skin,25.1,2175,7548220
2018,West Virginia,Melanomas of the Skin,23.7,557,1810562
2018,Wisconsin,Melanomas of the Skin,22.8,1605,5858390
2018,Wyoming,Melanomas of the Skin,28.4,190,574787
2019,Alabama,Melanomas of the Skin,20.1,1218,5003250
2019,Alaska,Melanomas of the Skin,15.8,114,734885
2019,Arizona,Melanomas of the Skin,31.6,2798,7070808
2019,Arkansas,Melanomas of the Skin,26.6,944,3004141
2019,California,Melanomas of the Skin,23.8,10506,39546660
2019,Colorado,Melanomas of the Skin,22,1381,5735919
2019,Connecticut,Melanomas of the Skin,19.2,896,3607128
2019,Delaware,Melanomas of the Skin,30,397,981319
2019,District of Columbia,Melanomas of the Skin,9.4,64,687406
2019,Florida,Melanomas of the Skin,26.1,7858,21354226
2019,Georgia,Melanomas of the Skin,26,3008,10642563
2019,Hawaii,Melanomas of the Skin,26.5,486,1456992
2019,Idaho,Melanomas of the Skin,31,630,1808067
2019,Illinois,Melanomas of the Skin,24.5,3686,12849672
2019,Indiana,Melanomas of the Skin,21,1642,6761599
2019,Iowa,Melanomas of the Skin,32.5,1215,3183752
2019,Kansas,Melanomas of the Skin,30.1,998,2933672
2019,Kentucky,Melanomas of the Skin,28.6,1525,4498126
2019,Louisiana,Melanomas of the Skin,19,995,4664413
2019,Maine,Melanomas of the Skin,25.1,479,1357412
2019,Maryland,Melanomas of the Skin,27,1967,6163339
2019,Massachusetts,Melanomas of the Skin,17.2,1489,7016294
2019,Michigan,Melanomas of the Skin,21.5,2642,10078062
2019,Minnesota,Melanomas of the Skin,39.3,2591,5686651
2019,Mississippi,Melanomas of the Skin,20.1,679,2968837
2019,Missouri,Melanomas of the Skin,18.8,1389,6143129
2019,Montana,Melanomas of the Skin,31,417,1075445
2019,Nebraska,Melanomas of the Skin,30,650,1954871
2019,Nevada,Melanomas of the Skin,21,766,3069012
2019,New Hampshire,Melanomas of the Skin,32.9,618,1371796
2019,New Jersey,Melanomas of the Skin,21.3,2428,9258521
2019,New Mexico,Melanomas of the Skin,17.4,459,2110085
2019,New York,Melanomas of the Skin,18.2,4495,20221642
2019,North Carolina,Melanomas of the Skin,28.6,3491,10369674
2019,North Dakota,Melanomas of the Skin,22.1,187,776433
2019,Ohio,Melanomas of the Skin,27,3858,11788224
2019,Oklahoma,Melanomas of the Skin,20.8,927,3943416
2019,Oregon,Melanomas of the Skin,27.2,1418,4215984
2019,Pennsylvania,Melanomas of the Skin,22.2,3704,12990948
2019,Puerto Rico,Melanomas of the Skin,4.5,185,3193553
2019,Rhode Island,Melanomas of the Skin,22.2,309,1094557
2019,South Carolina,Melanomas of the Skin,20.9,1332,5077557
2019,South Dakota,Melanomas of the Skin,26.1,280,882398
2019,Tennessee,Melanomas of the Skin,23.3,1900,6862031
2019,Texas,Melanomas of the Skin,16.6,4813,28855292
2019,United States,Melanomas of the Skin,23.7,92369,330222008
2019,Utah,Melanomas of the Skin,43.7,1253,3232697
2019,Vermont,Melanomas of the Skin,32.9,273,641853
2019,Virginia,Melanomas of the Skin,22.8,2308,8596990
2019,Washington,Melanomas of the Skin,28.4,2475,7638484
2019,West Virginia,Melanomas of the Skin,22.5,532,1800427
2019,Wisconsin,Melanomas of the Skin,23.9,1690,5879993
2019,Wyoming,Melanomas of the Skin,27.6,189,575356
2020,Alabama,Melanomas of the Skin,18.3,1119,5031362
2020,Alaska,Melanomas of the Skin,12.7,100,732923
2020,Arizona,Melanomas of the Skin,29.6,2666,7179943
2020,Arkansas,Melanomas of the Skin,21,760,3014195
2020,California,Melanomas of the Skin,20,8898,39501653
2020,Colorado,Melanomas of the Skin,18.6,1202,5784865
2020,Connecticut,Melanomas of the Skin,16.6,769,3597362
2020,Delaware,Melanomas of the Skin,24.3,335,992114
2020,District of Columbia,Melanomas of the Skin,8.7,59,670868
2020,Florida,Melanomas of the Skin,24.6,7561,21589602
2020,Georgia,Melanomas of the Skin,21.7,2572,10729828
2020,Hawaii,Melanomas of the Skin,23.7,459,1451043
2020,Idaho,Melanomas of the Skin,31.3,653,1849202
2020,Illinois,Melanomas of the Skin,20.5,3081,12786580
2020,Indiana,Melanomas of the Skin,Data not presented,Data not presented
2020,Iowa,Melanomas of the Skin,29,1106,3190571
2020,Kansas,Melanomas of the Skin,24,813,2937919
2020,Kentucky,Melanomas of the Skin,25.7,1365,4507445
2020,Louisiana,Melanomas of the Skin,14.8,802,4651664
2020,Maine,Melanomas of the Skin,27.9,539,1363557
2020,Maryland,Melanomas of the Skin,22.2,1642,6173205
2020,Massachusetts,Melanomas of the Skin,14.5,1286,6995729
2020,Michigan,Melanomas of the Skin,18.8,2313,10069577
2020,Minnesota,Melanomas of the Skin,34.2,2265,5709852
2020,Mississippi,Melanomas of the Skin,18.6,629,2958141
2020,Missouri,Melanomas of the Skin,17.6,1305,6153998
2020,Montana,Melanomas of the Skin,23.3,322,1087075
2020,Nebraska,Melanomas of the Skin,22.1,491,1962642
2020,Nevada,Melanomas of the Skin,23.6,872,3115648
2020,New Hampshire,Melanomas of the Skin,25.1,466,1378587
2020,New Jersey,Melanomas of the Skin,17.4,2030,9271689
2020,New Mexico,Melanomas of the Skin,16.1,437,2118390
2020,New York,Melanomas of the Skin,15.4,3853,20108296
2020,North Carolina,Melanomas of the Skin,24.2,3067,10449445
2020,North Dakota,Melanomas of the Skin,26.3,211,779518
2020,Ohio,Melanomas of the Skin,23.9,3452,11797517
2020,Oklahoma,Melanomas of the Skin,20.6,930,3964912
2020,Oregon,Melanomas of the Skin,21.2,1108,4244795
2020,Pennsylvania,Melanomas of the Skin,18.3,3074,12994440
2020,Puerto Rico,Melanomas of the Skin,2.4,113,3281557
2020,Rhode Island,Melanomas of the Skin,15.7,219,1096345
2020,South Carolina,Melanomas of the Skin,22,1426,5131848
2020,South Dakota,Melanomas of the Skin,27.2,282,887799
2020,Tennessee,Melanomas of the Skin,19.4,1612,6925619
2020,Texas,Melanomas of the Skin,13.7,4088,29232474
2020,United States,Melanomas of the Skin,20.6,79999,324722713
2020,Utah,Melanomas of the Skin,38.9,1150,3283785
2020,Vermont,Melanomas of the Skin,31.5,275,642893
2020,Virginia,Melanomas of the Skin,19.6,1998,8636471
2020,Washington,Melanomas of the Skin,23.2,2067,7724031
2020,West Virginia,Melanomas of the Skin,20.6,487,1791420
2020,Wisconsin,Melanomas of the Skin,22.4,1637,5896271
2020,Wyoming,Melanomas of the Skin,20.7,146,577605
2021,Alabama,Melanomas of the Skin,22,1332,5049846
2021,Alaska,Melanomas of the Skin,17.2,133,734182
2021,Arizona,Melanomas of the Skin,32.6,3058,7264877
2021,Arkansas,Melanomas of the Skin,19,692,3028122
2021,California,Melanomas of the Skin,23.9,10802,39142991
2021,Colorado,Melanomas of the Skin,21.6,1423,5811297
2021,Connecticut,Melanomas of the Skin,18.4,849,3623355
2021,Delaware,Melanomas of the Skin,20.8,290,1004807
2021,District of Columbia,Melanomas of the Skin,12,81,668791
2021,Florida,Melanomas of the Skin,25.6,8081,21828069
2021,Georgia,Melanomas of the Skin,24.8,2986,10788029
2021,Hawaii,Melanomas of the Skin,24.6,480,1447154
2021,Idaho,Melanomas of the Skin,33,728,1904314
2021,Illinois,Melanomas of the Skin,24.7,3731,12686469
2021,Indiana,Melanomas of the Skin,Data not presented,Data not presented
2021,Iowa,Melanomas of the Skin,35.3,1343,3197689
2021,Kansas,Melanomas of the Skin,26.1,878,2937922
2021,Kentucky,Melanomas of the Skin,29.9,1607,4506589
2021,Louisiana,Melanomas of the Skin,18.6,1003,4627098
2021,Maine,Melanomas of the Skin,26.7,503,1377238
2021,Maryland,Melanomas of the Skin,24.5,1853,6174610
2021,Massachusetts,Melanomas of the Skin,12.3,1089,6989690
2021,Michigan,Melanomas of the Skin,19.3,2437,10037504
2021,Minnesota,Melanomas of the Skin,38,2581,5711471
2021,Mississippi,Melanomas of the Skin,19.2,663,2949586
2021,Missouri,Melanomas of the Skin,20.9,1567,6169823
2021,Montana,Melanomas of the Skin,25.5,358,1106227
2021,Nebraska,Melanomas of the Skin,30.9,693,1963554
2021,Nevada,Melanomas of the Skin,23.2,875,3146402
2021,New Hampshire,Melanomas of the Skin,26.7,518,1387505
2021,New Jersey,Melanomas of the Skin,21.4,2524,9267961
2021,New Mexico,Melanomas of the Skin,17.3,470,2116677
2021,New York,Melanomas of the Skin,17.9,4444,19857492
2021,North Carolina,Melanomas of the Skin,29.4,3732,10565885
2021,North Dakota,Melanomas of the Skin,35,297,777934
2021,Ohio,Melanomas of the Skin,28.2,4116,11764342
2021,Oklahoma,Melanomas of the Skin,20.8,955,3991225
2021,Oregon,Melanomas of the Skin,20,1081,4256301
2021,Pennsylvania,Melanomas of the Skin,17.7,2994,13012059
2021,Puerto Rico,Melanomas of the Skin,3.2,148,3262693
2021,Rhode Island,Melanomas of the Skin,16.8,237,1096985
2021,South Carolina,Melanomas of the Skin,22.3,1463,5193266
2021,South Dakota,Melanomas of the Skin,31.8,331,896164
2021,Tennessee,Melanomas of the Skin,19.1,1602,6968351
2021,Texas,Melanomas of the Skin,15.7,4733,29558864
2021,United States,Melanomas of the Skin,23,90365,325218022
2021,Utah,Melanomas of the Skin,43.4,1302,3339113
2021,Vermont,Melanomas of the Skin,35.8,311,646972
2021,Virginia,Melanomas of the Skin,19.6,2026,8657365
2021,Washington,Melanomas of the Skin,24.8,2264,7740745
2021,West Virginia,Melanomas of the Skin,26.8,635,1785526
2021,Wisconsin,Melanomas of the Skin,27.5,2029,5880101
2021,Wyoming,Melanomas of the Skin,25.7,185,579483
